{"cameraMode":{"drawMode":0,"name":"Shaded","section":"Shading Mode"},"sceneLighting":true,"audioPlay":false,"sceneViewState":{"showFog":true,"showMaterialUpdate":false,"showSkybox":true,"showFlares":true,"showImageEffects":true,"showParticleSystems":true},"in2DMode":false,"pivot":{"x":-52.15169143676758,"y":-132.69635009765626,"z":-104.21558380126953},"rotation":{"x":-0.1358225792646408,"y":0.6670693159103394,"z":-0.12554365396499635,"w":-0.7216714024543762},"size":7.8715901374816898,"orthographic":false}