{"cameraMode":{"drawMode":0,"name":"Shaded","section":"Shading Mode"},"sceneLighting":false,"audioPlay":false,"sceneViewState":{"showFog":true,"showMaterialUpdate":false,"showSkybox":true,"showFlares":true,"showImageEffects":true,"showParticleSystems":true},"in2DMode":false,"pivot":{"x":0.3808300495147705,"y":-5.228957176208496,"z":-3.487473249435425},"rotation":{"x":-0.04068009555339813,"y":0.9433265924453735,"z":-0.12612536549568177,"w":-0.3042573928833008},"size":4.041658401489258,"orthographic":false}